Comment,Designator,Footprint,Quantity,MPN,Note
100n,"C1,C4,C6,C7,C8,C12",C_0603_1608Metric,6,Samsung CL10B104KB8NNNC,0603 X7R 50 V
1u,"C2,C18",C_0603_1608Metric,2,Samsung CL10A105KB8NNNC,0603 X5R 50 V
10u,"C3,C5,C10,C11,C13,C14,C15,C16,C17",C_0805_2012Metric,9,Samsung CL21A106KAYNNNE,0805 X5R 25 V
1N4148W,D1,D_SOD-123,1,Diodes 1N4148W-7-F,
XL-1515RGBC-WS2812B,"D100,D101,D102,D103,D104,D105,D106,D107,D108,D109,D110,D111,D112,D113,D114,D115,D116,D117,D118,D119,D120,D121,D122,D123,D124,D125,D126,D127,D128,D129,D130,D131,D132,D133,D134,D135,D136,D137,D138,D139,D140,D141,D142,D143,D144,D145,D146,D147,D148,D149,D150,D151,D152,D153,D154,D155,D156,D157,D158,D159,D200,D201,D202,D203,D204,D205,D206",LED_XL-1515RGBC-WS2812B,67,XINGLIGHT XL-1515RGBC-WS2812B,1.5 x 1.5 mm addressable RGB
BAT54W,D2,SOT-323_SC-70,1,Diodes BAT54W-7-F,
red,D3,LED_0603_1608Metric,1,Everlight 19-217/R6C-AL1M2VY/3T,0603 red
USB4135-GF-A,J1,USB_C_Receptacle_GCT_USB4135-GF-A_6P_TopMnt_Horizontal,1,GCT USB4135-GF-A,"power-only USB-C, 6 pin"
LiPo 1000mAh,J2,JST_PH_S2B-PH-SM4-TB_1x02-1MP_P2.00mm_Horizontal,1,JST S2B-PH-SM4-TB(LF)(SN),battery connector; the cell is 1000 mAh 3.7 V
u.FL,J3,U.FL_Hirose_U.FL-R-SMT-1_Vertical,1,Hirose U.FL-R-SMT-1(10),GNSS antenna
electret,MK1,CUI_CMC-4013-SMT_RingGap,1,CUI CMC-4013-SMT-TR,
AO3401A,"Q1,Q4",SOT-23,2,AOS AO3401A,
2N7002,"Q2,Q3,Q5",SOT-23,3,"Nexperia 2N7002,215",
120k,R1,R_0603_1608Metric,1,Yageo RT0603BRD07120KL,0603 0.1% thin film: cell-sense divider
33,"R11,R12",R_0603_1608Metric,2,Yageo RC0603FR-0733RL,0603 1% 100 mW
10k,"R13,R17,R19,R22,R26",R_0603_1608Metric,5,Yageo RC0603FR-0710KL,0603 1% 100 mW
10M,R15,R_0603_1608Metric,1,Yageo RC0603FR-0710ML,0603 1% 100 mW
1M,R16,R_0603_1608Metric,1,Yageo RC0603FR-071ML,0603 1% 100 mW
108k,R2,R_0603_1608Metric,1,Yageo RT0603BRD07108KL,0603 0.1% thin film: cell-sense divider
5.1k,"R20,R21",R_0603_1608Metric,2,Yageo RC0603FR-075K1L,0603 1% 100 mW
2.2k,R23,R_0603_1608Metric,1,Yageo RC0603FR-072K2L,0603 1% 100 mW
100k,"R3,R9,R10,R14,R18,R24,R25",R_0603_1608Metric,7,Yageo RC0603FR-07100KL,0603 1% 100 mW
150k,R4,R_0603_1608Metric,1,Yageo RC0603FR-07150KL,0603 1% 100 mW
2k,R5,R_0603_1608Metric,1,Yageo RC0603FR-072KL,0603 1% 100 mW
330,R6,R_0603_1608Metric,1,Yageo RC0603FR-07330RL,0603 1% 100 mW
4.7k,"R7,R8",R_0603_1608Metric,2,Yageo RC0603FR-074K7L,0603 1% 100 mW
power,SW1,SW_SPST_PTS645Sx43SMTR92,1,C&K PTS645SH95SMTR92 LFS,"6x6 SMD tact, 9.5 mm; stem length to be matched to the rear cover"
SOS,SW2,SW_SPST_PTS645Sx43SMTR92,1,C&K PTS645SH95SMTR92 LFS,"6x6 SMD tact, 9.5 mm; stem length to be matched to the rear cover"
touch spring,TP1,TestPoint_Pad_D2.5mm,1,-,"conical contact spring on a 2.5 mm pad, height to suit the crystal; see README"
ESP32-WROOM-32E,U1,ESP32-WROOM-32E,1,Espressif ESP32-WROOM-32E-N4,"4 MB flash, as the firmware image"
MAX-M10S,U2,ublox_MAX,1,u-blox MAX-M10S-00B,
TP4056-42-ESOP8,U3,SOIC-8-1EP_3.9x4.9mm_P1.27mm_EP2.29x3mm,1,NanJing Top Power TP4056-42-ESOP8,
AP2112K-3.3,U4,SOT-23-5,1,Diodes AP2112K-3.3TRG1,
ICM-20948,U5,InvenSense_QFN-24_3x3mm_P0.4mm,1,TDK InvenSense ICM-20948,
