Designator,Mid X,Mid Y,Layer,Rotation
C1,101.9000mm,-105.8000mm,Bottom,90.00
C7,108.0000mm,-104.1750mm,Bottom,90.00
C8,108.0000mm,-107.2375mm,Bottom,90.00
C12,109.0870mm,-118.5472mm,Bottom,90.00
C16,81.6600mm,-111.2400mm,Bottom,50.00
C17,93.4000mm,-97.0000mm,Bottom,90.00
D1,102.8712mm,-118.5398mm,Bottom,0.00
D2,106.8112mm,-118.6218mm,Bottom,0.00
D100,97.9809mm,-115.7948mm,Bottom,105.00
D101,96.0742mm,-115.6949mm,Bottom,99.00
D102,94.1884mm,-115.3962mm,Bottom,93.00
D103,92.3441mm,-114.9021mm,Bottom,87.00
D104,90.5617mm,-114.2178mm,Bottom,81.00
D105,88.8604mm,-113.3510mm,Bottom,75.00
D106,87.2592mm,-112.3111mm,Bottom,69.00
D107,85.7754mm,-111.1096mm,Bottom,63.00
D108,84.4253mm,-109.7595mm,Bottom,57.00
D109,83.2237mm,-108.2757mm,Bottom,51.00
D110,82.1838mm,-106.6744mm,Bottom,45.00
D111,81.3170mm,-104.9732mm,Bottom,39.00
D112,80.6328mm,-103.1907mm,Bottom,33.00
D113,80.1386mm,-101.3465mm,Bottom,27.00
D114,79.8400mm,-99.4607mm,Bottom,21.00
D115,79.7400mm,-97.5540mm,Bottom,15.00
D116,79.8400mm,-95.6473mm,Bottom,9.00
D117,80.1386mm,-93.7615mm,Bottom,3.00
D118,80.6328mm,-91.9173mm,Bottom,-3.00
D119,81.3170mm,-90.1348mm,Bottom,-9.00
D120,82.1838mm,-88.4336mm,Bottom,-15.00
D121,83.2237mm,-86.8323mm,Bottom,-21.00
D122,84.4253mm,-85.3485mm,Bottom,-27.00
D123,85.7754mm,-83.9984mm,Bottom,-33.00
D124,87.2592mm,-82.7968mm,Bottom,-39.00
D125,88.8604mm,-81.7570mm,Bottom,-45.00
D126,90.5617mm,-80.8902mm,Bottom,-51.00
D127,92.3441mm,-80.2059mm,Bottom,-57.00
D128,94.1884mm,-79.7118mm,Bottom,-63.00
D129,96.0742mm,-79.4131mm,Bottom,-69.00
D130,97.9809mm,-79.3132mm,Bottom,-75.00
D131,99.8876mm,-79.4131mm,Bottom,-81.00
D132,101.7734mm,-79.7118mm,Bottom,-87.00
D133,103.6176mm,-80.2059mm,Bottom,-93.00
D134,105.4001mm,-80.8902mm,Bottom,-99.00
D135,107.1013mm,-81.7570mm,Bottom,-105.00
D136,108.7026mm,-82.7968mm,Bottom,-111.00
D137,110.1864mm,-83.9984mm,Bottom,-117.00
D138,111.5365mm,-85.3485mm,Bottom,-123.00
D139,112.7380mm,-86.8323mm,Bottom,-129.00
D140,113.7779mm,-88.4336mm,Bottom,-135.00
D141,114.6447mm,-90.1348mm,Bottom,-141.00
D142,115.3289mm,-91.9173mm,Bottom,-147.00
D143,115.8231mm,-93.7615mm,Bottom,-153.00
D144,116.1218mm,-95.6473mm,Bottom,-159.00
D145,116.2217mm,-97.5540mm,Bottom,-165.00
D146,116.1218mm,-99.4607mm,Bottom,-171.00
D147,115.8231mm,-101.3465mm,Bottom,-177.00
D148,115.3289mm,-103.1907mm,Bottom,177.00
D149,114.6447mm,-104.9732mm,Bottom,171.00
D150,113.7779mm,-106.6744mm,Bottom,165.00
D151,112.7380mm,-108.2757mm,Bottom,159.00
D152,111.5365mm,-109.7595mm,Bottom,153.00
D153,110.1864mm,-111.1096mm,Bottom,147.00
D154,108.7026mm,-112.3111mm,Bottom,141.00
D155,107.1013mm,-113.3510mm,Bottom,135.00
D156,105.4001mm,-114.2178mm,Bottom,129.00
D157,103.6176mm,-114.9021mm,Bottom,123.00
D158,101.7734mm,-115.3962mm,Bottom,117.00
D159,99.8876mm,-115.6949mm,Bottom,111.00
D200,97.8557mm,-102.6950mm,Bottom,70.00
D201,95.5613mm,-99.0390mm,Bottom,80.00
D202,93.1354mm,-92.7112mm,Bottom,40.00
D203,95.6003mm,-89.8936mm,Bottom,-15.00
D204,100.3717mm,-90.0510mm,Bottom,-60.00
D205,103.2063mm,-92.9684mm,Bottom,-115.00
D206,100.3899mm,-98.9965mm,Bottom,-150.00
MK1,80.0000mm,-84.3000mm,Bottom,155.00
Q1,90.5834mm,-118.7225mm,Bottom,0.00
Q2,94.5396mm,-118.7225mm,Bottom,0.00
Q3,98.4954mm,-118.6878mm,Bottom,0.00
R7,103.3000mm,-109.4000mm,Bottom,0.00
R8,106.4000mm,-109.5875mm,Bottom,0.00
R11,95.4000mm,-113.2000mm,Bottom,0.00
R12,97.9000mm,-105.2000mm,Bottom,0.00
R14,90.5246mm,-121.2939mm,Bottom,0.00
R15,93.5837mm,-121.3850mm,Bottom,0.00
R16,96.6460mm,-121.4313mm,Bottom,0.00
R17,99.7460mm,-121.3156mm,Bottom,0.00
R18,102.8084mm,-121.2578mm,Bottom,0.00
R19,105.8740mm,-120.5918mm,Bottom,0.00
R26,103.3000mm,-102.4000mm,Bottom,0.00
TP1,97.9500mm,-95.7000mm,Bottom,0.00
U5,104.8700mm,-105.8000mm,Bottom,-90.00
C2,80.1212mm,-88.0100mm,Top,90.00
C3,85.4650mm,-88.9150mm,Top,90.00
C4,84.9044mm,-82.0800mm,Top,0.00
C5,101.9000mm,-104.8701mm,Top,90.00
C6,101.9000mm,-108.1505mm,Top,90.00
C10,115.1166mm,-93.7000mm,Top,90.00
C11,114.7498mm,-101.7600mm,Top,90.00
C13,80.2800mm,-84.6900mm,Top,90.00
C14,82.6450mm,-88.1700mm,Top,0.00
C15,87.7300mm,-104.4000mm,Top,90.00
C18,84.8000mm,-93.0425mm,Top,0.00
D3,88.1000mm,-117.4000mm,Top,0.00
J1,120.5500mm,-96.9000mm,Top,90.00
J2,115.7000mm,-108.2000mm,Top,-90.00
J3,83.9000mm,-102.4000mm,Top,180.00
Q4,86.4000mm,-108.3000mm,Top,90.00
Q5,82.6350mm,-108.3000mm,Top,90.00
R1,85.7093mm,-84.8500mm,Top,90.00
R2,87.2687mm,-87.9500mm,Top,90.00
R3,103.0000mm,-99.1927mm,Top,0.00
R4,103.0000mm,-102.3451mm,Top,0.00
R5,104.6098mm,-100.7927mm,Top,0.00
R6,85.9603mm,-114.8941mm,Top,0.00
R9,80.0650mm,-108.3000mm,Top,90.00
R10,82.5000mm,-111.2000mm,Top,0.00
R13,87.3093mm,-83.2000mm,Top,90.00
R20,109.2155mm,-96.0326mm,Top,45.00
R21,112.4768mm,-95.4000mm,Top,45.00
R22,108.4258mm,-92.8520mm,Top,90.00
R23,84.8000mm,-91.4425mm,Top,0.00
R24,84.8000mm,-94.6000mm,Top,0.00
R25,84.8000mm,-96.2000mm,Top,0.00
SW1,103.4000mm,-117.3500mm,Top,0.00
SW2,93.2500mm,-117.6000mm,Top,0.00
U1,97.8508mm,-84.8753mm,Top,0.00
U2,94.9157mm,-105.5587mm,Top,180.00
U3,109.9298mm,-100.4056mm,Top,0.00
U4,83.1000mm,-85.0000mm,Top,90.00
